{
   "coefficients_standardized": [
      0.06721781498312737,
      -0.018969331021130714,
      0.14558957412461682,
      0.07530707906690573,
      0.08064625786113104,
      -0.13632732386428026,
      0.15170876566636582,
      0.16781825191476357,
      -0.06675614746059258,
      0.06791675759939597
   ],
   "coefficients_original": [
      0.004380718318423327,
      -0.0379395116125466,
      0.0316848597778494,
      0.04163467718878382,
      0.8751253742544698,
      -0.31819538212435783,
      0.1259524700366736,
      0.12422185979284468,
      -0.16352238437897373,
      0.17851801414045695
   ],
   "intercept_standardized": 3.4086998087954057,
   "intercept_original": 1.0143629383911645,
   "features": [
      "age",
      "gender",
      "income",
      "social_trust",
      "discrimination_index",
      "work_stress",
      "religiosity",
      "social_activity",
      "economic_satisfaction",
      "wellbeing"
   ],
   "target": "lifesat",
   "train_r2": 0.13947343018715763,
   "test_r2": 0.14631359204347527,
   "train_rmse": 0.9550786888644115,
   "test_rmse": 0.9430073101149439,
   "feature_means": [
      40.404875717017205,
      1.4966539196940727,
      6.446940726577438,
      3.187260994263862,
      1.9422630428844552,
      2.6851497769279997,
      4.267088910133843,
      5.794694072657744,
      3.3926067558954522,
      2.1808078393881454
   ],
   "feature_std_devs": [
      15.34401668795721,
      0.49998880362122416,
      4.594925625216027,
      1.8087585674182456,
      0.09215394757560834,
      0.42843903941698475,
      1.2044921836165083,
      1.3509558800248302,
      0.40823858894988274,
      0.38044764236487333
   ],
   "is_normalized": true,
   "num_samples": 2615,
   "version": "1.0"
}